{
  "events": [
    {
      "id": 1,
      "title": "Trampoline party",
      "description": "Bounce around with your friends",
      "image": "https://i.pinimg.com/736x/3d/2f/af/3d2faf4e3188d34a9fcdc00df59e77b0.jpg",
      "categoryIds": [
        2
      ],
      "location": "My back yard",
      "startTime": "2023-03-10T18:00",
      "endTime": "2023-03-10T17:00:00.000Z"
    },
    {
      "id": 2,
      "title": "Laser Tag mania",
      "description": "Let's play laser tag!",
      "image": "https://wincacademy.github.io/webpages/media/lasertag.jpg",
      "categoryIds": [
        2
      ],
      "location": "Blinded by the Lights Laser Tag, 15 Main St.",
      "startTime": "2023-04-06T18:46",
      "endTime": "2023-04-06T17:46"
    },
    {
      "id": 3,
      "title": "Badminton game",
      "description": "Hit that shuttle!",
      "image": "https://wincacademy.github.io/webpages/media/pexels-vladvictoria-2202685.jpg",
      "categoryIds": [
        1,
        2
      ],
      "location": "The Park",
      "startTime": "2023-03-15T12:00:00.000Z",
      "endTime": "2023-03-15T13:30:00.000Z"
    },
    {
      "id": 4,
      "title": "Yoga",
      "description": "It's a bit of a stretch.",
      "image": "https://wincacademy.github.io/webpages/media/pexels-gabby-k-5384538.jpg",
      "categoryIds": [
        3
      ],
      "location": "Shavasana Yoga School",
      "startTime": "2023-03-09T06:00:00.000Z",
      "endTime": "2023-03-09T07:00:00.000Z"
    },
    {
      "id": 5,
      "title": "Tennis",
      "description": "Serving up fun on the court.",
      "image": "https://wincacademy.github.io/webpages/media/pexels-floriandoppler-3207474.jpg",
      "categoryIds": [
        1
      ],
      "location": "Grand Slam Tennis Court",
      "startTime": "2023-03-09T08:00:00.000Z",
      "endTime": "2023-03-09T10:00:00.000Z"
    },
    {
      "id": 6,
      "title": "Board games night",
      "description": "Roll the dice and join the fun!",
      "image": "https://wincacademy.github.io/webpages/media/pexels-tima-miroshnichenko-6598746.jpg",
      "categoryIds": [
        2
      ],
      "location": "Community Hall",
      "startTime": "2023-03-13T18:00:00.000Z",
      "endTime": "2023-03-13T21:00:00.000Z"
    },
    {
      "id": 7,
      "title": "Tea tasting",
      "description": "Savor the soothing flavors of herbal teas.",
      "image": "https://wincacademy.github.io/webpages/media/pexels-viktoria-alipatova-1083711-2130137.jpg",
      "categoryIds": [
        3
      ],
      "location": "Cozy Tea House",
      "startTime": "2023-03-17T15:00:00.000Z",
      "endTime": "2023-03-17T17:00:00.000Z"
    },
    {
      "id": 8,
      "title": "Nature walk",
      "description": "Connect with nature and clear your mind.",
      "image": "https://wincacademy.github.io/webpages/media/hiking.png",
      "categoryIds": [
        3
      ],
      "location": "Forest Trailhead",
      "startTime": "2023-03-16T07:00:00.000Z",
      "endTime": "2023-03-16T09:30:00.000Z"
    },
	{
      "id": 9,
      "title": "Bowling night",
      "description": "Strike up some fun with friends at the lanes!",
      "image": "https://wincacademy.github.io/webpages/media/pexels-rnnzeravac-9273055.jpg",
      "categoryIds": [2],
      "location": "Downtown Bowling Alley",
      "startTime": "2023-03-19T18:00:00.000Z",
      "endTime": "2023-03-19T21:00:00.000Z"
	}
	
  ],
  "categories": [
    {
      "name": "sports",
      "id": 1
    },
    {
      "name": "games",
      "id": 2
    },
    {
      "name": "relaxation",
      "id": 3
    }
  ]
}