{
  "movies": [
    {
      "id": 1,
      "name": "The Shawshank Redemption",
      "coverImage": "https://upload.wikimedia.org/wikipedia/en/8/81/ShawshankRedemptionMoviePoster.jpg",
      "authors": [
        "Tim Robbins",
        "Morgan Freeman",
        "Bob Gunton"
      ],
      "releaseDate": 1994,
      "duration": 142
    },
    {
      "id": 2,
      "name": "Inception",
      "coverImage": "https://upload.wikimedia.org/wikipedia/en/2/2e/Inception_%282010%29_theatrical_poster.jpg",
      "authors": [
        "Leonardo DiCaprio",
        "Joseph Gordon-Levitt",
        "Elliot Page"
      ],
      "releaseDate": 2010,
      "duration": 148
    },
    {
      "id": 3,
      "name": "The Dark Knight",
      "coverImage": "https://upload.wikimedia.org/wikipedia/en/1/1c/The_Dark_Knight_%282008_film%29.jpg",
      "authors": [
        "Christian Bale",
        "Heath Ledger",
        "Aaron Eckhart"
      ],
      "releaseDate": 2008,
      "duration": 152
    },
    {
      "id": 4,
      "name": "Pulp Fiction",
      "coverImage": "https://upload.wikimedia.org/wikipedia/en/3/3b/Pulp_Fiction_%281994%29_poster.jpg",
      "authors": [
        "John Travolta",
        "Samuel L. Jackson",
        "Uma Thurman"
      ],
      "releaseDate": 1994,
      "duration": 154
    },
    {
      "id": 5,
      "name": "Fight Club",
      "coverImage": "https://upload.wikimedia.org/wikipedia/en/f/fc/Fight_Club_poster.jpg",
      "authors": [
        "Brad Pitt",
        "Edward Norton",
        "Helena Bonham Carter"
      ],
      "releaseDate": 1999,
      "duration": 139
    },
    {
      "id": 6,
      "name": "Forrest Gump",
      "coverImage": "https://upload.wikimedia.org/wikipedia/en/6/67/Forrest_Gump_poster.jpg",
      "authors": [
        "Tom Hanks",
        "Robin Wright",
        "Gary Sinise"
      ],
      "releaseDate": 1994,
      "duration": 142
    },
    {
      "id": 7,
      "name": "The Matrix",
      "coverImage": "https://upload.wikimedia.org/wikipedia/en/d/db/The_Matrix.png",
      "authors": [
        "Keanu Reeves",
        "Laurence Fishburne",
        "Carrie-Anne Moss"
      ],
      "releaseDate": 1999,
      "duration": 136
    },
    {
      "id": 8,
      "name": "Gladiator",
      "coverImage": "https://upload.wikimedia.org/wikipedia/en/f/fb/Gladiator_%282000_film_poster%29.png",
      "authors": [
        "Russell Crowe",
        "Joaquin Phoenix",
        "Connie Nielsen"
      ],
      "releaseDate": 2000,
      "duration": 155
    },
    {
      "id": 9,
      "name": "The Lord of the Rings: The Fellowship of the Ring",
      "coverImage": "https://upload.wikimedia.org/wikipedia/en/f/fb/Lord_Rings_Fellowship_Ring.jpg",
      "authors": [
        "Elijah Wood",
        "Ian McKellen",
        "Viggo Mortensen"
      ],
      "releaseDate": 2001,
      "duration": 178
    },
    {
      "id": 10,
      "name": "Interstellar",
      "coverImage": "https://upload.wikimedia.org/wikipedia/en/b/bc/Interstellar_film_poster.jpg",
      "authors": [
        "Matthew McConaughey",
        "Anne Hathaway",
        "Jessica Chastain"
      ],
      "releaseDate": 2014,
      "duration": 169
    }
  ],
  "ratings": [
    {
      "id": 1,
      "movieId": 5,
      "rating": 5,
      "comment": "The second rule of Fight Club: you give it 5 stars!"
    },
    {
      "id": 2,
      "movieId": 2,
      "rating": 4,
      "comment": "Just a classic!"
    }
  ]
}